"id","Player","Pos","Age","Tm","G","GS","MP","FG","FGA","FG_percent","3P","3PA","3P_percent","2P","2PA","2P_percent","eFG_percent","FT","FTA","FT_percent","ORB","DRB","TRB","AST","STL","BLK","TOV","PF","PTS"
"1","Bam Adebayo","C","25","MIA","23","23","37","7.3","15.1","0.481","0","0.1","0","7.3","15","0.485","0.481","3.4","4.1","0.821","2.7","7.1","9.9","3.7","0.9","0.7","2.7","3.1","17.9"
"3","Nickeil Alexander-Walker","SG","24","MIN","5","4","29.6","3","7","0.429","2","5","0.4","1","2","0.5","0.571","0.4","0.6","0.667","0.2","1.8","2","1.4","0.6","0.2","0.8","1.8","8.4"
"4","Grayson Allen","SG","27","MIL","5","5","29.8","3.8","8.2","0.463","2.8","5.8","0.483","1","2.4","0.417","0.634","1.2","1.4","0.857","0.2","2.2","2.4","1.8","0.4","0","0.8","1.4","11.6"
"5","Jarrett Allen","C","24","CLE","5","5","38.2","4.4","7.2","0.611","0","0","0","4.4","7.2","0.611","0.611","0.6","1.2","0.5","3","4.4","7.4","2.4","0.8","1","0.6","2","9.4"
"6","Kyle Anderson","PF","29","MIN","4","0","26","3.8","7.5","0.5","0.5","1.5","0.333","3.3","6","0.542","0.533","0.5","0.5","1","0.8","3.3","4","4.5","1.8","0.5","1.5","3.3","8.5"
"7","Giannis Antetokounmpo","PF","28","MIL","3","3","30.3","9.3","17.7","0.528","0","1","0","9.3","16.7","0.56","0.528","4.7","10.3","0.452","2.7","8.3","11","5.3","0.3","0.7","4.7","3","23.3"
"8","Thanasis Antetokounmpo","PF","30","MIL","2","0","2.5","0","0","0","0","0","0","0","0","0","0","0","0","0","0","0","0","0","0","0","0","0","0"
"9","Deandre Ayton","C","24","PHO","10","10","31.9","6.1","11.1","0.55","0","0","0","6.1","11.1","0.55","0.55","1.2","2.3","0.522","2.9","6.8","9.7","1","0.6","0.7","1.7","3.5","13.4"
"10","Patrick Baldwin Jr.","SF","20","GSW","3","0","3.7","0","1","0","0","1","0","0","0","0","0","0","0","0","0","1","1","0.3","0","0","0","0","0"
"11","Mo Bamba","C","24","LAL","3","0","3.3","0","0.7","0","0","0.3","0","0","0.3","0","0","0","0","0","0","1","1","0.3","0","0.3","0","0","0"
"12","Desmond Bane","SG","24","MEM","6","6","38.5","8.2","19.3","0.422","2.7","8.3","0.32","5.5","11","0.5","0.491","4.5","4.8","0.931","1.2","4.8","6","3.2","0.5","0","2.8","3.2","23.5"
"13","Harrison Barnes","PF","30","SAC","7","7","28","3.6","8.6","0.417","0.9","3.6","0.24","2.7","5","0.543","0.467","2.7","3.7","0.731","1.4","2","3.4","0.7","1.1","0.3","0.4","0.7","10.7"
"14","RJ Barrett","SG","22","NYK","11","11","34.3","6.5","14.9","0.433","1.8","5.5","0.328","4.6","9.4","0.495","0.494","4.5","5.9","0.769","0.5","4","4.5","2.8","0.8","0.2","2.3","2.3","19.3"
"15","Nicolas Batum","PF","34","LAC","5","3","18.4","1.6","3.8","0.421","1.2","3.4","0.353","0.4","0.4","1","0.579","0","0","0","0.2","2","2.2","1.2","0.4","0.4","0.4","2","4.4"
"16","Malik Beasley","SG","26","LAL","11","0","8.3","0.9","3.1","0.294","0.6","2.4","0.269","0.3","0.7","0.375","0.397","0.5","0.5","1","0.3","0.5","0.7","0.2","0.1","0","0.2","0.5","3"
"17","MarJon Beauchamp","SF","22","MIL","2","0","2.5","1","1.5","0.667","0.5","0.5","1","0.5","1","0.5","0.833","0","0","0","0","0.5","0.5","0","0","0","0","0","2.5"
"18","Saddiq Bey","SF","23","ATL","6","0","22.2","2.5","6.7","0.375","1.2","3","0.389","1.3","3.7","0.364","0.463","1.3","1.5","0.889","1.2","2.8","4","1","0.5","0","0.3","0.5","7.5"
"19","Bismack Biyombo","C","30","PHO","8","0","9.8","1.1","2","0.563","0","0","0","1.1","2","0.563","0.563","1.1","2.3","0.5","1.3","2.1","3.4","0.8","0","1.3","0.8","2.3","3.4"
"20","Bogdan Bogdanovi?","SG","30","ATL","6","1","26.2","5","9","0.556","2.5","5.5","0.455","2.5","3.5","0.714","0.694","0.8","1.2","0.714","0.3","2.7","3","2.5","1","0.8","0.5","2.7","13.3"
"21","Devin Booker","SG","26","PHO","11","11","41.7","12.8","21.9","0.585","2.8","5.5","0.508","10","16.4","0.611","0.649","5.3","6.1","0.866","1.1","3.7","4.8","7.2","1.7","0.8","2.9","3.4","33.7"
"22","Brandon Boston Jr.","SF","21","LAC","1","0","1","0","0","0","0","0","0","0","0","0","0","0","0","0","0","0","0","0","0","0","1","0","0"
"23","Christian Braun","SG","21","DEN","19","0","13","1.3","2.4","0.533","0.1","0.5","0.2","1.2","1.8","0.629","0.556","0.6","1","0.579","0.6","1.4","2.1","0.6","0.6","0.2","0.5","1.5","3.2"
"24","Mikal Bridges","SG","26","BRK","4","4","39.3","8.3","19.3","0.429","2.5","6.3","0.4","5.8","13","0.442","0.494","4.5","5.8","0.783","0.5","4.8","5.3","4","0.5","0.5","2","1.3","23.5"
"25","Malcolm Brogdon","PG","30","BOS","19","0","24.9","4.3","10.3","0.418","1.7","4.6","0.379","2.6","5.7","0.45","0.503","1.5","1.8","0.829","0.7","2.8","3.5","2.9","0.2","0.3","1","1.5","11.9"
"26","Dillon Brooks","SF","27","MEM","6","6","27.8","4","12.8","0.312","1.7","7","0.238","2.3","5.8","0.4","0.377","0.8","1.2","0.714","0.5","2.5","3","1.8","0.2","0","1.2","3.3","10.5"
"27","Bruce Brown","SF","26","DEN","20","0","26.5","4.5","8.8","0.511","0.9","2.9","0.316","3.6","6","0.605","0.563","2.1","2.5","0.857","0.8","3.3","4","1.9","1.1","0.5","1.2","2.5","12"
"28","Jaylen Brown","SF","26","BOS","20","20","37.6","9.1","18.3","0.496","2","5.7","0.354","7.1","12.6","0.56","0.551","2.6","3.7","0.689","1.3","4.4","5.6","3.4","1.1","0.4","3.3","3.1","22.7"
"29","Troy Brown Jr.","SF","23","LAL","12","0","10.3","0.8","2.3","0.357","0.2","1.3","0.133","0.7","1.1","0.615","0.393","0","0","0","0.3","1.7","2","0.9","0.2","0.1","0","0.3","1.8"
"30","Jalen Brunson","PG","26","NYK","11","11","40.3","9.9","20.9","0.474","2.4","7.3","0.325","7.5","13.6","0.553","0.53","5.6","6.2","0.912","0.8","4.1","4.9","5.6","1.5","0.1","2.1","2.4","27.8"
"31","Thomas Bryant","C","25","DEN","1","0","0","0","0","0","0","0","0","0","0","0","0","0","0","0","0","0","0","0","0","0","0","0","0"
"32","Jimmy Butler","PF","33","MIA","22","22","39.7","9.4","20.1","0.468","1.3","3.5","0.359","8.1","16.5","0.492","0.5","6.8","8.5","0.806","2.1","4.3","6.5","5.9","1.8","0.6","1.9","1.7","26.9"
"33","Kentavious Caldwell-Pope","SG","29","DEN","20","20","33.6","3.7","8.1","0.457","1.8","4.6","0.38","2","3.5","0.557","0.565","1.5","1.8","0.829","0.7","2.6","3.3","1.6","1.3","0.7","0.8","2.4","10.6"
"35","Clint Capela","C","28","ATL","6","6","25.2","3.8","6.3","0.605","0","0","0","3.8","6.3","0.605","0.605","0.7","1","0.667","2.5","5.8","8.3","0.5","1","0.5","0.7","0.8","8.3"
"36","Jevon Carter","PG","27","MIL","4","0","12.3","0.5","2.3","0.222","0.3","1.8","0.143","0.3","0.5","0.5","0.278","0","0","0","0","1","1","1","0.3","0","0","0.3","1.3"
"37","Justin Champagnie","SF","21","BOS","4","0","2.5","0.3","1","0.25","0","0.8","0","0.3","0.3","1","0.25","0","0","0","0","0","0","0","0","0","0","0.5","0.5"
"38","Max Christie","SG","19","LAL","9","0","3.7","0.6","1.1","0.5","0.1","0.4","0.25","0.4","0.7","0.667","0.55","0.2","0.4","0.5","0.1","0.7","0.8","0.3","0","0.1","0","0","1.4"
"39","Nic Claxton","C","23","BRK","4","4","29.3","4.5","6.3","0.72","0","0","0","4.5","6.3","0.72","0.72","1.5","2.5","0.6","1.3","6.8","8","1.5","0.3","1.8","0.8","2","10.5"
"40","Amir Coffey","SF","25","LAC","1","0","1","0","0","0","0","0","0","0","0","0","0","0","0","0","0","0","0","0","0","0","0","0","0"
"41","John Collins","PF","25","ATL","6","6","27.3","4.3","10","0.433","1.8","5.3","0.344","2.5","4.7","0.536","0.525","0.8","1","0.833","1.2","3.2","4.3","0.8","0.3","1","1.5","2.2","11.3"
"42","Mike Conley","PG","35","MIN","5","5","36.6","4","8.4","0.476","2","4.4","0.455","2","4","0.5","0.595","2","2.2","0.909","0.4","2.2","2.6","6.4","0.6","0","1.4","2.2","12"
"43","Pat Connaughton","SF","30","MIL","4","0","22","4.3","7.5","0.567","2.8","5.8","0.478","1.5","1.8","0.857","0.75","0.8","1","0.75","1","4","5","1.8","1","0.3","0.5","2.5","12"
"44","Robert Covington","PF","32","LAC","2","0","6","0","1.5","0","0","1","0","0","0.5","0","0","0","0","0","0","1","1","1","0","0.5","0","1","0"
"45","Torrey Craig","PF","32","PHO","11","5","16.6","2.4","4.1","0.578","1","2.3","0.44","1.4","1.8","0.75","0.7","0.7","0.8","0.889","0.6","1.6","2.3","0.5","0.5","0.2","0.3","2.1","6.5"
"46","Jae Crowder","PF","32","MIL","4","0","10.3","0.8","3.3","0.231","0","1.5","0","0.8","1.8","0.429","0.231","0.3","0.5","0.5","0.3","0.8","1","0.8","0.5","0","0.3","1.3","1.8"
"47","Seth Curry","SG","32","BRK","3","0","19.3","3.3","6.3","0.526","1","3","0.333","2.3","3.3","0.7","0.605","0.7","1","0.667","0","1","1","2","0","0","0.3","0.7","8.3"
"48","Stephen Curry","PG","34","GSW","13","13","37.9","11.2","23.9","0.466","4.4","12.1","0.363","6.8","11.8","0.571","0.558","3.8","4.5","0.845","0.7","4.5","5.2","6.1","1","0.5","3.2","2.6","30.5"
"49","Anthony Davis","C","29","LAL","16","16","38","8.3","15.9","0.52","0.3","0.9","0.333","7.9","14.9","0.531","0.53","5.8","6.8","0.852","2.4","11.7","14.1","2.6","1.4","3.1","2.1","2.9","22.6"
"50","Terence Davis","SG","25","SAC","4","0","14.5","2","5","0.4","1.5","4.3","0.353","0.5","0.8","0.667","0.55","0.5","0.5","1","0.5","1.8","2.3","1.5","0.3","0","0.5","3","6"
"51","Dewayne Dedmon","C","33","PHI","1","0","5","0","1","0","0","1","0","0","0","0","0","0","0","0","0","1","1","0","0","0","1","1","0"
"52","Spencer Dinwiddie","PG","29","BRK","4","4","39.8","5.5","12.8","0.431","1.8","4.5","0.389","3.8","8.3","0.455","0.5","3.8","5.5","0.682","0.3","3","3.3","6.5","1.3","0.3","3","1.8","16.5"
"53","Donte DiVincenzo","SG","26","GSW","13","1","18.1","1.8","4.9","0.375","1.2","3.4","0.341","0.7","1.5","0.45","0.492","0.6","0.9","0.667","0.8","2.2","3","2.8","0.8","0.2","1.3","1.5","5.5"
"54","PJ Dozier","SF","26","SAC","3","0","2","1","2","0.5","0.7","1.3","0.5","0.3","0.7","0.5","0.667","0","0","0","0.3","0.3","0.7","0","0","0","0","0","2.7"
"55","Goran Dragi?","PG","36","MIL","2","0","3.5","0","1","0","0","0.5","0","0","0.5","0","0","2","2","1","0","0","0","0.5","0","0","0","0","2"
"56","David Duke Jr.","SG","23","BRK","1","0","5","1","3","0.333","0","1","0","1","2","0.5","0.333","0","0","0","0","0","0","0","0","0","1","1","2"
"57","Kevin Durant","PF","34","PHO","11","11","42.4","9.7","20.4","0.478","1.5","4.6","0.333","8.2","15.7","0.52","0.516","8","8.7","0.917","0.6","8.1","8.7","5.5","0.8","1.4","3.5","2.6","29"
"58","Anthony Edwards","SG","21","MIN","5","5","39.8","11","22.8","0.482","3","8.6","0.349","8","14.2","0.563","0.548","6.6","7.8","0.846","0.6","4.4","5","5.2","1.8","2","1.6","2.6","31.6"
"59","Kessler Edwards","SF","22","SAC","6","0","1.2","0","0","0","0","0","0","0","0","0","0","0","0","0","0","0.2","0.2","0","0","0","0","0","0"
"60","Joel Embiid","C","28","PHI","9","9","37.3","7.3","17","0.431","0.6","3.1","0.179","6.8","13.9","0.488","0.448","8.4","9.3","0.905","1.8","8","9.8","2.7","0.7","2.8","3.9","3","23.7"
"61","Dorian Finney-Smith","PF","29","BRK","4","4","25.3","2.3","5.8","0.391","1.8","4.3","0.412","0.5","1.5","0.333","0.543","0","0","0","1.5","3","4.5","0.8","0.8","0.5","1.3","1.8","6.3"
"62","De'Aaron Fox","PG","25","SAC","7","7","38.6","10","23.6","0.424","3","9","0.333","7","14.6","0.48","0.488","4.4","5.9","0.756","1.7","3.7","5.4","7.7","2.1","0.6","4","3.3","27.4"
"63","Wenyen Gabriel","C","25","LAL","10","0","3.7","0.4","1","0.4","0","0","0","0.4","1","0.4","0.4","0.2","0.3","0.667","0.8","0.1","0.9","0","0.2","0.3","0.2","0.8","1"
"64","Darius Garland","PG","23","CLE","5","5","37.8","7","16","0.438","2.4","6.2","0.387","4.6","9.8","0.469","0.513","4.2","5","0.84","0","1.8","1.8","5","1.6","0.2","3.6","3.4","20.6"
"65","Rudy Gobert","C","30","MIN","5","5","35.4","5.8","9.2","0.63","0","0","0","5.8","9.2","0.63","0.63","3.4","5.4","0.63","3.6","8.6","12.2","2","0.4","1","1.6","4.8","15"
"66","Aaron Gordon","PF","27","DEN","20","20","35.7","5.1","9.8","0.518","0.9","2.3","0.391","4.2","7.5","0.557","0.564","2.3","3.5","0.652","2.5","3.6","6","2.6","0.6","0.7","1","2.9","13.3"
"67","Eric Gordon","SG","34","LAC","5","5","29.8","3.6","8.8","0.409","2","5.8","0.345","1.6","3","0.533","0.523","1","1.2","0.833","0.2","1.2","1.4","2.6","0.6","0.4","0.8","2.4","10.2"
"68","Danny Green","SG","35","CLE","4","0","10","0.3","1.3","0.2","0.3","1","0.25","0","0.3","0","0.3","0","0","0","0.5","1.3","1.8","0.3","0.5","0.3","0.5","1.8","0.8"
"69","Draymond Green","PF","32","GSW","12","9","30.6","3.5","7.6","0.462","0.4","1.7","0.25","3.1","5.9","0.521","0.489","2","2.8","0.727","1.6","5.3","6.9","6.8","1.5","1","2.3","4","9.4"
"70","JaMychal Green","PF","32","GSW","7","2","7","1.3","3.3","0.391","0.7","2.6","0.278","0.6","0.7","0.8","0.5","0","0","0","0","0.7","0.7","0.4","0","0.1","0.3","1.4","3.3"
"71","Jeff Green","PF","36","DEN","20","0","17.2","1.4","3.1","0.452","0.5","1.4","0.321","1","1.7","0.559","0.524","0.9","1","0.895","0.3","1.3","1.6","0.7","0.3","0.4","0.5","2.2","4.1"
"72","Blake Griffin","C","33","BOS","1","0","6","0","1","0","0","0","0","0","1","0","0","0","0","0","1","1","2","0","0","0","0","2","0"
"73","Quentin Grimes","SG","22","NYK","9","6","26.9","1.6","5.1","0.304","1","4.1","0.243","0.6","1","0.556","0.402","1","1.2","0.818","0.3","2.4","2.8","1.4","1","0.6","1.1","1.9","5.1"
"74","Rui Hachimura","PF","24","LAL","16","1","24.3","4.6","8.2","0.557","1.2","2.4","0.487","3.4","5.8","0.587","0.63","1.9","2.1","0.882","0.6","3.1","3.6","0.6","0.5","0.3","0.6","1.6","12.2"
"75","James Harden","PG","33","PHI","11","11","38.8","6.5","16.6","0.393","2.8","7.5","0.378","3.7","9.2","0.406","0.478","4.4","5","0.873","0.5","5.6","6.2","8.3","1.8","0.4","3.2","2.5","20.3"
"76","Montrezl Harrell","C","29","PHI","2","0","3.5","0","1.5","0","0","0","0","0","1.5","0","0","0","0","0","0","0.5","0.5","0","0","0","0","0","0"
"77","Joe Harris","SF","31","BRK","4","0","11","0.5","3.3","0.154","0.3","3","0.083","0.3","0.3","1","0.192","0.5","0.5","1","0","1.3","1.3","0","0.5","0","0.8","1.3","1.8"
"78","Tobias Harris","SF","30","PHI","11","11","35.6","6.4","12.2","0.522","1.4","3.7","0.366","5","8.5","0.591","0.578","1.2","1.4","0.867","1.5","5.7","7.3","1.6","0.6","0.5","0.7","2.5","15.3"
"79","Shaquille Harrison","SG","29","LAL","8","0","3.5","0.5","0.9","0.571","0.1","0.1","1","0.4","0.8","0.5","0.643","0.1","0.3","0.5","0","0.4","0.4","1.1","0.3","0","0","0.4","1.3"
"80","Josh Hart","SF","27","NYK","11","5","32.1","4.1","8.5","0.479","0.9","2.9","0.313","3.2","5.6","0.565","0.532","1.3","2","0.636","1.6","5.7","7.4","2.2","0.8","0.3","1.9","3.5","10.4"
"81","Isaiah Hartenstein","C","24","NYK","11","0","20","1","2.1","0.478","0","0","0","1","2.1","0.478","0.478","1.1","1.5","0.75","2.1","2.5","4.6","1.3","0.8","1.4","0.5","2.6","3.1"
"82","Udonis Haslem","C","42","MIA","2","0","1.5","0","1.5","0","0","0.5","0","0","1","0","0","0","0","0","0","0.5","0.5","0","0","0","0","0","0"
"83","Sam Hauser","SF","25","BOS","15","0","6.9","0.7","1.9","0.345","0.5","1.6","0.333","0.1","0.3","0.4","0.483","0.1","0.1","1","0.3","0.8","1.1","0.3","0.1","0.1","0","0.5","2"
"84","Tyler Herro","SG","23","MIA","1","1","19","5","9","0.556","2","4","0.5","3","5","0.6","0.667","0","0","0","0","2","2","2","0","1","1","1","12"
"85","Haywood Highsmith","PF","26","MIA","18","0","8.9","1.3","2.2","0.615","0.4","0.9","0.5","0.9","1.3","0.696","0.718","0.2","0.3","0.8","0.6","0.8","1.3","0.3","0.6","0.1","0.1","1.1","3.3"
"86","Aaron Holiday","PG","26","ATL","1","0","4","0","0","0","0","0","0","0","0","0","0","0","0","0","0","0","0","1","0","0","1","0","0"
"87","Jrue Holiday","PG","32","MIL","5","5","38.2","6.8","17","0.4","2.4","8.4","0.286","4.4","8.6","0.512","0.471","1.8","2.6","0.692","0.8","5.8","6.6","8","1","0.4","2.4","2.4","17.8"
"88","Al Horford","C","36","BOS","20","20","30.9","2.6","6.6","0.386","1.4","4.7","0.298","1.2","1.9","0.605","0.492","0.2","0.2","0.75","1.5","5.7","7.2","3","1.1","1.7","0.6","2.4","6.7"
"89","Danuel House Jr.","SF","29","PHI","7","0","6","1.3","3","0.429","0.1","1.4","0.1","1.1","1.6","0.727","0.452","0.1","0.1","1","0","1.7","1.7","0.1","0","0","0.1","0.6","2.9"
"90","Kevin Huerter","SG","24","SAC","7","7","26.1","3.6","10.3","0.347","1.1","5.6","0.205","2.4","4.7","0.515","0.403","0.9","1.1","0.75","0.1","4.3","4.4","1.1","0.4","1.3","0.6","3.3","9.1"
"91","De'Andre Hunter","SF","25","ATL","6","6","37.3","6.5","14.2","0.459","2.3","6.3","0.368","4.2","7.8","0.532","0.541","1.3","1.7","0.8","1.2","4.5","5.7","1.2","0.7","0.3","1.5","3.3","16.7"
"92","Bones Hyland","PG","22","LAC","5","0","16.4","3","8.8","0.341","1","4","0.25","2","4.8","0.417","0.398","1.6","2","0.8","0.2","0.6","0.8","0.8","0.8","0.2","0.8","1.8","8.6"
"93","Joe Ingles","SF","35","MIL","5","0","17.8","2.4","4.6","0.522","2","4","0.5","0.4","0.6","0.667","0.739","0","0","0","0.2","1","1.2","2","0.6","0.2","1.2","1.4","6.8"
"94","Jaren Jackson Jr.","C","23","MEM","6","6","36.7","5.8","13.8","0.422","1.2","4.2","0.28","4.7","9.7","0.483","0.464","5.2","6","0.861","3.3","4.5","7.8","1.5","1","2","3","4","18"
"95","Reggie Jackson","PG","32","DEN","6","0","3","0.2","0.3","0.5","0.2","0.3","0.5","0","0","0","0.75","0","0","0","0","0.3","0.3","0.3","0.2","0","0.2","0","0.5"
"96","LeBron James","PF","38","LAL","16","16","38.7","9.2","18.4","0.498","1.8","6.6","0.264","7.4","11.8","0.63","0.546","4.4","5.8","0.761","1.6","8.3","9.9","6.5","1.1","1.1","2.5","1.8","24.5"
"97","DaQuan Jeffries","SG","25","NYK","2","0","2.5","0","0","0","0","0","0","0","0","0","0","0","0","0","0","0","0","0","0","0","0","1","0"
"98","Cameron Johnson","PF","26","BRK","4","4","38","7","13.8","0.509","3","7","0.429","4","6.8","0.593","0.618","1.5","1.8","0.857","0.8","5","5.8","2.8","0.8","0.3","1.3","2.5","18.5"
"99","Jalen Johnson","SF","21","ATL","6","0","9.3","1.7","4","0.417","0.7","1.8","0.364","1","2.2","0.462","0.5","0.3","0.3","1","0.3","2.2","2.5","1.3","0.5","0","0.8","0.8","4.3"
"100","Nikola Jokic","C","27","DEN","20","20","39.5","11.4","20.7","0.548","1.8","3.8","0.461","9.6","16.9","0.568","0.591","5.6","7","0.799","3.5","10","13.5","9.5","1.1","1","3.5","3.5","30"
"101","Tyus Jones","PG","26","MEM","6","1","20","1.8","6","0.306","0.5","3.2","0.158","1.3","2.8","0.471","0.347","0.3","0.5","0.667","0.5","2.5","3","3.7","1.3","0","1.3","0.8","4.5"
"102","DeAndre Jordan","C","34","DEN","4","0","3.5","0.5","0.8","0.667","0","0","0","0.5","0.8","0.667","0.667","0.3","0.5","0.5","0","1","1","0.3","0","0.3","0.5","0.5","1.3"
"103","Nikola Jovi?","PF","19","MIA","7","0","1.9","0.1","0.6","0.25","0","0.3","0","0.1","0.3","0.5","0.25","0","0","0","0.1","0.6","0.7","0","0","0","0","0","0.3"
"104","Luke Kennard","SG","26","MEM","5","0","21.4","2.4","4.6","0.522","1.6","3.2","0.5","0.8","1.4","0.571","0.696","0.8","0.8","1","1","3","4","1.4","0.8","0","0.2","1.6","7.2"
"105","Nathan Knight","C","25","MIN","2","0","2.5","0.5","2","0.25","0","1","0","0.5","1","0.5","0.25","0","0","0","0.5","0","0.5","0","0","0","0.5","0","1"
"106","John Konchar","SF","26","MEM","5","0","9.8","0.4","1.8","0.222","0","0.8","0","0.4","1","0.4","0.222","0","0","0","0.8","1.2","2","0.8","0.4","0.4","0.2","1.2","0.8"
"107","Furkan Korkmaz","SG","25","PHI","3","0","3.7","0","0.7","0","0","0.3","0","0","0.3","0","0","0.7","0.7","1","0","0.3","0.3","0.3","0","0","0.3","0","0.7"
"108","Luke Kornet","C","27","BOS","8","0","4","0.9","1","0.875","0.1","0.1","1","0.8","0.9","0.857","0.938","0.3","0.3","1","0.6","0.6","1.3","0","0","0.1","0","0.3","2.1"
"109","Jonathan Kuminga","PF","20","GSW","10","0","6.1","1.3","2.4","0.542","0.3","0.7","0.429","1","1.7","0.588","0.604","0.5","0.9","0.556","0.4","0.5","0.9","0.5","0.2","0","0.4","0.5","3.4"
"110","Anthony Lamb","SF","25","GSW","6","0","5.2","0.3","0.8","0.4","0.2","0.7","0.25","0.2","0.2","1","0.5","0","0","0","0.2","0.8","1","0","0.2","0.2","0.3","0.5","0.8"
"111","Jock Landale","C","27","PHO","7","1","16.1","2.4","3.9","0.63","0","0.1","0","2.4","3.7","0.654","0.63","1.3","2","0.643","1.4","2.6","4","0.4","0.4","0.4","0.3","2.1","6.1"
"112","Damion Lee","SG","30","PHO","8","0","11.1","0.8","2.5","0.3","0.4","1.9","0.2","0.4","0.6","0.6","0.375","0.3","0.3","1","0.5","0.9","1.4","0.6","0.3","0","0.1","1","2.1"
"113","Alex Len","C","29","SAC","7","0","7.7","1","1.3","0.778","0","0","0","1","1.3","0.778","0.778","0.7","0.9","0.833","1","1.9","2.9","0.1","0","0.4","1","2.1","2.7"
"114","Kawhi Leonard","SF","31","LAC","2","2","40","12","22","0.545","3","5","0.6","9","17","0.529","0.614","7.5","8.5","0.882","1.5","5","6.5","6","2","0.5","3","2.5","34.5"
"115","Meyers Leonard","C","30","MIL","2","0","2.5","0","0.5","0","0","0","0","0","0.5","0","0","0","0","0","0","0.5","0.5","0","0","0","0","0","0"
"116","Caris LeVert","SG","28","CLE","5","3","34","5.4","12.6","0.429","2.6","7.2","0.361","2.8","5.4","0.519","0.532","1.6","2.6","0.615","0.8","3.8","4.6","2.6","0.4","0.2","1","2","15"
"117","Kenneth Lofton Jr.","PF","20","MEM","4","0","3","0.8","2","0.375","0","0.5","0","0.8","1.5","0.5","0.375","0.3","0.5","0.5","0.3","0.5","0.8","0.3","0","0","0","0","1.8"
"118","Kevon Looney","C","26","GSW","13","8","25","2.8","4.9","0.578","0","0","0","2.8","4.9","0.578","0.578","0.8","1.4","0.556","4.7","8.4","13.1","3.3","0.6","0.4","1","2.8","6.5"
"119","Brook Lopez","C","34","MIL","5","5","36.4","7.8","13.4","0.582","1.4","3.4","0.412","6.4","10","0.64","0.634","2","2.6","0.769","2.8","3.6","6.4","1.2","1.4","1.8","2.2","2","19"
"120","Robin Lopez","C","34","CLE","2","0","3","1.5","1.5","1","0","0","0","1.5","1.5","1","1","1","1","1","0.5","0","0.5","0","0","0","0.5","1","4"
"121","Kevin Love","PF","34","MIA","20","18","18","2.3","6","0.378","1.7","4.4","0.375","0.6","1.6","0.387","0.517","0.7","0.8","0.875","0.7","4.9","5.6","1.2","0.5","0.4","0.5","1.8","6.9"
"122","Kyle Lowry","PG","36","MIA","23","1","26","3.2","7.6","0.425","1.4","3.8","0.375","1.8","3.7","0.477","0.52","1.3","1.4","0.939","0.5","3","3.5","4.4","1","0.6","1.7","2.6","9.2"
"123","Trey Lyles","PF","27","SAC","7","0","16.9","2.4","5.7","0.425","1.3","3.9","0.333","1.1","1.9","0.615","0.538","0.4","0.7","0.6","1.3","4.4","5.7","0.7","0.3","0","0.4","1.7","6.6"
"124","Terance Mann","SG","26","LAC","5","0","26.6","3.8","6.6","0.576","1.8","3.8","0.474","2","2.8","0.714","0.712","1.2","1.8","0.667","1.4","1.8","3.2","2.2","0.8","0.2","1.8","3.4","10.6"
"125","Caleb Martin","SF","27","MIA","23","4","30.2","4.7","9","0.529","1.9","4.5","0.423","2.8","4.4","0.637","0.636","1.3","1.5","0.829","1.2","4.3","5.4","1.6","0.9","0.4","1","2.4","12.7"
"126","Wesley Matthews","SF","36","MIL","2","0","20.5","2","4.5","0.444","2","3.5","0.571","0","1","0","0.667","0","0","0","0.5","1","1.5","0.5","1","0.5","0","1.5","6"
"127","Tyrese Maxey","SG","22","PHI","11","11","38.5","7.5","17.5","0.427","3.1","7.7","0.4","4.4","9.7","0.449","0.516","2.5","2.8","0.903","0.8","4","4.8","2.3","1.4","0.5","0.7","2.4","20.5"
"128","Miles McBride","PG","22","NYK","8","0","2.5","0.1","0.5","0.25","0.1","0.4","0.333","0","0.1","0","0.375","0","0","0","0","0.3","0.3","0.1","0","0.1","0","0.1","0.4"
"129","Jalen McDaniels","SF","25","PHI","8","0","12.8","1","2.5","0.4","0.4","1.1","0.333","0.6","1.4","0.455","0.475","0","0","0","0.4","1.6","2","0.6","0.1","0","0.4","1","2.4"
"130","Jordan McLaughlin","PG","26","MIN","2","0","7","0","2","0","0","1","0","0","1","0","0","0","0","0","0","1","1","1","0","0","0","1","0"
"131","De'Anthony Melton","SG","24","PHI","11","0","24.9","2.8","7.4","0.383","1.7","4.5","0.388","1.1","2.9","0.375","0.5","0.5","0.7","0.75","1.3","2","3.3","1.6","1.2","0.8","0.7","1.8","7.9"
"132","Chimezie Metu","PF","25","SAC","3","0","2","0","0.3","0","0","0","0","0","0.3","0","0","0.7","1","0.667","0.3","0","0.3","0","0","0","0.3","0","0.7"
"133","Khris Middleton","SF","31","MIL","5","5","34.6","8","17.2","0.465","2.6","6.4","0.406","5.4","10.8","0.5","0.541","5.2","6","0.867","1.4","5","6.4","6.2","0.6","0","3.4","3","23.8"
"134","Patty Mills","PG","34","BRK","1","0","5","0","2","0","0","2","0","0","0","0","0","0","0","0","0","0","0","0","0","0","0","1","0"
"135","Shake Milton","SG","26","PHI","6","0","3.5","0.5","0.8","0.6","0","0.2","0","0.5","0.7","0.75","0.6","0.3","0.3","1","0","0.5","0.5","0.3","0.3","0","0.2","0.5","1.3"
"136","Josh Minott","SF","20","MIN","1","0","6","0","1","0","0","1","0","0","0","0","0","0","0","0","0","0","0","0","2","1","1","1","0"
"137","Davion Mitchell","PG","24","SAC","7","0","20","2.7","6.6","0.413","1","3.9","0.259","1.7","2.7","0.632","0.489","0.7","0.9","0.833","0.4","0.9","1.3","1.7","0.9","0.1","0.9","1","7.1"
"138","Donovan Mitchell","SG","26","CLE","5","5","41.4","9","20.8","0.433","2.6","9","0.289","6.4","11.8","0.542","0.495","2.6","3.6","0.722","0.6","4.4","5","7.2","2","0.6","3.8","2.8","23.2"
"139","Evan Mobley","PF","21","CLE","5","5","37.6","4.4","9.6","0.458","0","0.2","0","4.4","9.4","0.468","0.458","1","1.6","0.625","3","7","10","2","0.6","1.2","2.4","2.6","9.8"
"140","Malik Monk","SG","24","SAC","7","0","29.3","5.4","13.3","0.409","1.9","5.6","0.333","3.6","7.7","0.463","0.478","6.3","7","0.898","0.9","4.6","5.4","3.6","0.7","0.4","2","2.1","19"
"141","Moses Moody","SG","20","GSW","12","0","13.4","1.9","3.6","0.535","1.1","1.8","0.591","0.8","1.8","0.476","0.686","0.9","1","0.917","0.6","2","2.6","0.7","0.4","0.3","0.2","1.5","5.8"
"142","Wendell Moore Jr.","SG","21","MIN","1","0","2","0","0","0","0","0","0","0","0","0","0","0","0","0","0","0","0","0","0","0","1","0","0"
"143","Ja Morant","PG","23","MEM","5","5","37.4","9","21.2","0.425","2.6","6.2","0.419","6.4","15","0.427","0.486","4","5.2","0.769","1.6","5.2","6.8","7","1.8","0.2","3.4","2.4","24.6"
"144","Marcus Morris","PF","33","LAC","3","2","22.7","3.3","9.7","0.345","0.7","4","0.167","2.7","5.7","0.471","0.379","1.3","1.3","1","0.3","3.7","4","0","0.3","0.3","0.3","2","8.7"
"145","Dejounte Murray","SG","26","ATL","5","5","38","9.2","20.6","0.447","2.8","7.4","0.378","6.4","13.2","0.485","0.515","1.8","1.8","1","1.8","5.4","7.2","6.8","2","0.2","2","1.4","23"
"146","Jamal Murray","PG","25","DEN","20","20","40","9.7","20.5","0.473","3","7.5","0.396","6.8","13.1","0.517","0.545","3.8","4.1","0.926","0.8","4.9","5.7","7.1","1.5","0.3","2.5","2.1","26.1"
"147","Keegan Murray","SF","22","SAC","7","7","27.7","3.7","8.3","0.448","1.7","4.6","0.375","2","3.7","0.538","0.552","0.6","0.9","0.667","2.1","4.1","6.3","0.7","0.6","0.3","0.6","2.6","9.7"
"148","Mike Muscala","C","31","BOS","6","0","3.5","0.3","0.7","0.5","0.3","0.7","0.5","0","0","0","0.75","0.5","0.7","0.75","0.5","0.2","0.7","0.2","0","0","0.2","0.2","1.5"
"149","Raul Neto","PG","30","CLE","2","0","3.5","0","0.5","0","0","0.5","0","0","0","0","0","0.5","1","0.5","0","0","0","0.5","0","0","1","1","0.5"
"150","Georges Niang","PF","29","PHI","11","0","14.3","1.6","3.3","0.5","1.1","2.4","0.462","0.5","0.9","0.6","0.667","0","0","0","0","0.4","0.4","0.2","0","0.2","0.5","1.5","4.4"
"151","Zeke Nnaji","PF","22","DEN","5","0","2.4","0.4","0.8","0.5","0.2","0.6","0.333","0.2","0.2","1","0.625","0","0","0","0","0.4","0.4","0","0.2","0","0.2","0","1"
"152","Jaylen Nowell","SG","23","MIN","5","0","12.4","1.2","5.2","0.231","0.6","1.8","0.333","0.6","3.4","0.176","0.288","0.2","0.4","0.5","0.8","0.2","1","0.6","0","0","0.4","0.8","3.2"
"153","Royce O'Neale","SF","29","BRK","4","0","29.5","1.8","7.3","0.241","1","5.5","0.182","0.8","1.8","0.429","0.31","0.5","0.5","1","1","3.3","4.3","3.5","1.3","0.3","1","2.8","5"
"154","Josh Okogie","SG","24","PHO","10","5","17.5","1.4","3.7","0.378","0.2","1.4","0.143","1.2","2.3","0.522","0.405","1.1","1.3","0.846","1.2","0.9","2.1","1.3","0.6","0.2","0.3","1.8","4.1"
"155","Onyeka Okongwu","C","22","ATL","6","0","21.8","2.5","4.2","0.6","0.2","0.2","1","2.3","4","0.583","0.62","0.8","1.7","0.5","3.2","3.2","6.3","1.2","0.3","1.3","1.2","3","6"
"156","Isaac Okoro","SF","22","CLE","5","2","15","2.2","4.6","0.478","0.8","2.6","0.308","1.4","2","0.7","0.565","1.2","1.2","1","0.6","0.8","1.4","0.8","0.4","0.4","0.8","2","6.4"
"157","Victor Oladipo","SG","30","MIA","2","0","22.5","5","9.5","0.526","1","2.5","0.4","4","7","0.571","0.579","0.5","1.5","0.333","0.5","3","3.5","1","1","0.5","1","2.5","11.5"
"158","Cedi Osman","SF","27","CLE","5","0","18.6","1.8","5","0.36","1.2","4","0.3","0.6","1","0.6","0.48","1.2","1.8","0.667","0.2","2.8","3","1","0.4","0.2","1","2.4","6"
"159","Chris Paul","PG","37","PHO","7","7","35.7","5.4","13","0.418","1.3","4","0.321","4.1","9","0.46","0.467","0.3","0.6","0.5","0.7","4.3","5","7.4","1.7","0.7","1","2.3","12.4"
"160","Cameron Payne","PG","28","PHO","7","4","21.7","3.3","6.9","0.479","1.6","3.9","0.407","1.7","3","0.571","0.594","0","0.4","0","0","2","2","2.9","0.4","0.3","1.3","2.1","8.1"
"161","Gary Payton II","SG","30","GSW","12","3","16","3","4.5","0.667","0.3","1.3","0.267","2.7","3.3","0.821","0.704","0.5","0.8","0.667","1.8","1.8","3.7","0.8","0.7","0.5","0.9","1.6","6.8"
"162","Mason Plumlee","C","32","LAC","5","0","18.2","2.8","3.2","0.875","0","0","0","2.8","3.2","0.875","0.875","2.6","2.8","0.929","3.2","3.6","6.8","1.8","0.4","0.4","0.6","3","8.2"
"163","Jordan Poole","PG","23","GSW","13","4","21.8","3.5","10.4","0.341","1.2","4.8","0.254","2.3","5.5","0.417","0.4","2","2.6","0.765","0.3","1.8","2.2","3.5","0.8","0.2","1.2","2.5","10.3"
"164","Michael Porter Jr.","SF","24","DEN","20","20","32.7","5","11.7","0.423","2.3","6.6","0.351","2.7","5.2","0.515","0.521","1.2","1.5","0.793","1","7.1","8.1","1.6","0.5","0.6","0.5","2.1","13.4"
"165","Bobby Portis","PF","27","MIL","5","2","21.4","4","8.2","0.488","1","3.6","0.278","3","4.6","0.652","0.549","0.6","0.6","1","2","6.2","8.2","1.2","0.6","0.4","0.8","3","9.6"
"166","Norman Powell","SG","29","LAC","5","3","33.4","7.2","15.2","0.474","2.6","6.4","0.406","4.6","8.8","0.523","0.559","4.8","6.2","0.774","0.8","2.2","3","2.2","0.8","0.4","1.6","3.2","21.8"
"167","Jason Preston","PG","23","LAC","1","0","1","0","0","0","0","0","0","0","0","0","0","0","0","0","0","0","0","0","0","0","0","0","0"
"168","Taurean Prince","PF","28","MIN","5","1","20","2.4","6.6","0.364","1.6","4.2","0.381","0.8","2.4","0.333","0.485","1.4","1.8","0.778","0.6","0.8","1.4","0.8","0.6","0.2","1","1.8","7.8"
"169","Payton Pritchard","PG","25","BOS","10","0","5.7","1.2","2.2","0.545","0.4","1","0.4","0.8","1.2","0.667","0.636","0.4","0.5","0.8","0","0.6","0.6","1.1","0.1","0","0.5","0.3","3.2"
"170","Immanuel Quickley","SG","23","NYK","8","0","21.9","2.9","8.3","0.348","1.1","4.6","0.243","1.8","3.6","0.483","0.417","2.1","2.5","0.85","0.3","1.4","1.6","1","0.5","0","1.1","1.4","9"
"171","Julius Randle","PF","28","NYK","10","10","33","5.5","14.7","0.374","1.7","6.6","0.258","3.8","8.1","0.469","0.432","3.9","5.5","0.709","1.7","6.6","8.3","3.6","0.5","0.3","3.5","2.4","16.6"
"172","Austin Reaves","SG","24","LAL","16","16","36.2","5.6","12.1","0.464","2.4","5.5","0.443","3.2","6.6","0.481","0.564","3.2","3.6","0.895","1.3","3.2","4.4","4.6","0.6","0.2","1.6","2.4","16.9"
"173","Paul Reed","C","23","PHI","11","2","14.3","2","3.5","0.579","0","0","0","2","3.5","0.579","0.579","0.6","0.6","1","2.5","3","5.5","0.6","0.5","0.4","0.5","1.4","4.6"
"174","Austin Rivers","SG","30","MIN","4","0","11.5","1","2","0.5","0.5","1.5","0.333","0.5","0.5","1","0.625","0","0","0","0.3","1","1.3","0.3","0.3","0","0.3","0.3","2.5"
"175","Duncan Robinson","SF","28","MIA","23","1","18.2","3.3","6.9","0.475","2.2","4.9","0.442","1.1","2","0.556","0.633","0.3","0.3","0.875","0","1.4","1.5","1.7","0.3","0.1","0.9","1.6","9"
"176","Mitchell Robinson","C","24","NYK","11","11","27.1","2.6","4.4","0.604","0","0","0","2.6","4.4","0.604","0.604","1.2","3","0.394","5","4.3","9.3","0.8","0.6","1.5","0.9","2.6","6.5"
"177","David Roddy","PF","21","MEM","6","0","12.7","1.3","4.8","0.276","1","3.3","0.3","0.3","1.5","0.222","0.379","0.2","0.2","1","0.7","2.2","2.8","0.7","0","0.3","0.2","1","3.8"
"178","Derrick Rose","PG","34","NYK","1","0","3","0","4","0","0","1","0","0","3","0","0","0","0","0","0","0","0","1","0","0","0","0","0"
"179","Terrence Ross","SG","31","PHO","6","0","11.5","1.3","4.5","0.296","1","3.7","0.273","0.3","0.8","0.4","0.407","0","0","0","0","1.3","1.3","0.2","0.2","0.3","0.2","1","3.7"
"180","Ricky Rubio","PG","32","CLE","3","0","5.7","0","0.3","0","0","0","0","0","0.3","0","0","0","0","0","0.7","1.3","2","1","0.3","0","1.7","1.7","0"
"181","D'Angelo Russell","PG","26","LAL","16","15","29.6","5.2","12.2","0.426","1.7","5.4","0.31","3.5","6.8","0.519","0.495","1.3","1.6","0.769","0.6","2.3","2.9","4.6","0.7","0.3","1.8","2","13.3"
"182","Domantas Sabonis","C","26","SAC","7","7","34.7","7","14.1","0.495","0.1","0.7","0.2","6.9","13.4","0.511","0.5","2.3","4","0.571","4.4","6.6","11","4.7","1.4","0.9","3.7","4","16.4"
"183","Landry Shamet","SG","25","PHO","10","1","18.4","1.7","4.5","0.378","1.1","2.9","0.379","0.6","1.6","0.375","0.5","0.3","0.4","0.75","0.3","1.4","1.7","1.1","0.2","0.1","0.4","1.5","4.8"
"184","Day'Ron Sharpe","C","21","BRK","2","0","10","1","1.5","0.667","0","0","0","1","1.5","0.667","0.667","1","1","1","1","2","3","2.5","0","0.5","1","1.5","3"
"185","Marcus Smart","PG","28","BOS","20","20","34","5.1","11.2","0.453","2.2","6.1","0.361","2.9","5.1","0.564","0.552","2.6","3.3","0.8","1.1","3","4","5.1","1.3","0.3","2.3","1.9","14.9"
"186","Ish Smith","PG","34","DEN","4","0","3","0.3","0.5","0.5","0","0","0","0.3","0.5","0.5","0.5","0","0","0","0","0.3","0.3","0.3","0","0","0","0.5","0.5"
"187","Jaden Springer","SG","20","PHI","4","0","4.3","1","1","1","0","0","0","1","1","1","1","0.3","0.5","0.5","0","0","0","0","0.3","0","0.3","0.5","2.3"
"188","Lamar Stevens","SF","25","CLE","2","0","4.5","0.5","1","0.5","0.5","0.5","1","0","0.5","0","0.75","1","1","1","0","1.5","1.5","0","0","0","0","0","2.5"
"189","Max Strus","SF","26","MIA","23","23","28.2","3.3","8.2","0.402","1.9","5.9","0.319","1.4","2.3","0.611","0.516","0.9","1.1","0.8","0.6","3","3.6","1.4","0.3","0.3","0.3","2","9.3"
"190","Edmond Sumner","SG","27","BRK","1","0","4","0","0","0","0","0","0","0","0","0","0","0","0","0","0","0","0","1","0","0","0","0","0"
"191","Jayson Tatum","SF","24","BOS","20","20","40","9.3","20.2","0.458","2.7","8.2","0.323","6.6","12","0.55","0.524","6","6.9","0.876","1.3","9.2","10.5","5.3","1.1","1.1","2.8","2.2","27.2"
"192","Cam Thomas","SG","21","BRK","2","0","8","1.5","3.5","0.429","0","1","0","1.5","2.5","0.6","0.429","0","0","0","0","0.5","0.5","0.5","0","0","0.5","1","3"
"193","Klay Thompson","SF","32","GSW","13","13","36","6.5","16.8","0.388","3.8","10.5","0.368","2.7","6.4","0.422","0.502","1.6","1.8","0.875","0.1","4.1","4.2","2.2","0.5","0.3","2","2.2","18.5"
"194","Tristan Thompson","C","31","LAL","6","0","5.3","0.8","1.8","0.455","0","0","0","0.8","1.8","0.455","0.455","0.2","0.8","0.2","0.7","1","1.7","0.3","0","0","0.2","0.2","1.8"
"195","Xavier Tillman Sr.","C","24","MEM","6","6","30.5","4","7.5","0.533","0.2","0.7","0.25","3.8","6.8","0.561","0.544","0.5","0.8","0.6","2.8","5.2","8","3.2","0.7","0.7","0.7","2.8","8.7"
"196","Obi Toppin","PF","24","NYK","11","1","15.9","2.7","6.4","0.429","1.2","3.9","0.302","1.5","2.5","0.63","0.521","0.4","0.5","0.8","0.9","2.6","3.5","0.6","0.7","0.3","0.7","1.1","7"
"197","Karl-Anthony Towns","PF","27","MIN","5","5","36","6.4","14","0.457","1.2","4.8","0.25","5.2","9.2","0.565","0.5","4.2","5.6","0.75","1.2","9","10.2","2","0.6","0.8","3.6","4.2","18.2"
"198","P.J. Tucker","PF","37","PHI","11","11","26.7","1.7","4.6","0.373","1.3","3.6","0.35","0.5","1","0.455","0.51","0.2","0.3","0.667","1.6","2.9","4.5","1.5","1.2","0.3","0.5","2.5","4.9"
"199","Jarred Vanderbilt","PF","23","LAL","15","13","16.5","1.6","4","0.4","0.5","1.9","0.241","1.1","2.1","0.548","0.458","0.9","1.3","0.7","1.3","1.9","3.2","0.8","0.7","0.8","0.9","2.1","4.6"
"200","Gabe Vincent","PG","26","MIA","22","22","30.5","4.5","11.2","0.402","2.3","6.1","0.378","2.2","5","0.432","0.506","1.4","1.5","0.882","0.4","1","1.4","3.5","0.9","0.2","1.4","3","12.7"
"201","Dean Wade","PF","26","CLE","2","0","5.5","0","0.5","0","0","0.5","0","0","0","0","0","1","1","1","0","1.5","1.5","0","0","0","0","0","1"
"202","Ish Wainright","SF","28","PHO","6","0","3.5","0.2","0.7","0.25","0.2","0.7","0.25","0","0","0","0.375","0","0","0","0","0.2","0.2","0","0","0.2","0","0.3","0.5"
"203","Lonnie Walker IV","SG","24","LAL","13","0","13.8","2.2","4.6","0.483","1","2.6","0.382","1.2","2","0.615","0.592","0.7","0.9","0.75","0.1","0.8","0.9","0.8","0.5","0.1","0.3","1.2","6.2"
"204","T.J. Warren","SF","29","PHO","6","0","13.5","1","3.2","0.316","0.2","1.2","0.143","0.8","2","0.417","0.342","0.5","0.7","0.75","0.3","0.8","1.2","0.5","0.2","0.5","0.2","0.8","2.7"
"205","Yuta Watanabe","SF","28","BRK","1","0","5","1","2","0.5","1","2","0.5","0","0","0","0.75","0","2","0","0","1","1","0","0","0","1","0","3"
"206","Peyton Watson","SG","20","DEN","5","0","2.8","0.4","1","0.4","0.2","0.4","0.5","0.2","0.6","0.333","0.5","0","0","0","0.2","0.6","0.8","0.2","0","0.2","0.2","0.4","1"
"207","Russell Westbrook","PG","34","LAC","5","5","38.4","8.6","21","0.41","2","5.6","0.357","6.6","15.4","0.429","0.457","4.4","5","0.88","1.8","5.8","7.6","7.4","1.2","1.4","4","3","23.6"
"208","Derrick White","SG","28","BOS","20","16","29.7","4.7","9.2","0.505","2.5","5.5","0.455","2.2","3.7","0.581","0.641","1.6","1.7","0.912","0.7","2.3","3","2.1","0.6","1","0.9","1.9","13.4"
"209","Andrew Wiggins","SF","27","GSW","13","12","34","6.4","13.9","0.459","1.5","4.9","0.297","4.9","9","0.547","0.511","2.5","3.6","0.681","1.8","3.8","5.6","1.9","0.8","1.2","1.3","3.5","16.7"
"210","Grant Williams","PF","24","BOS","15","0","17.7","1.7","3.5","0.472","1.2","2.7","0.45","0.5","0.9","0.538","0.642","0.5","0.7","0.8","0.7","1.5","2.2","1.2","0.3","0.4","0.3","1.7","5.1"
"211","Robert Williams","C","25","BOS","20","4","20.9","3.4","4.3","0.788","0","0.1","0","3.4","4.2","0.798","0.788","1","1.4","0.679","1.8","4.2","6","1","0.5","1.3","0.8","2.2","7.7"
"212","Ziaire Williams","SF","21","MEM","4","0","3","0.5","1.8","0.286","0.3","0.8","0.333","0.3","1","0.25","0.357","0","0","0","0","0.5","0.5","0.5","0","0","0.5","0.3","1.3"
"213","Trae Young","PG","24","ATL","6","6","38.3","10","24.8","0.403","3","9","0.333","7","15.8","0.442","0.463","6.2","7.2","0.86","0.8","2.8","3.7","10.2","1.7","0.7","4","1.8","29.2"
"214","Omer Yurtseven","C","24","MIA","8","0","2","0.3","0.9","0.286","0","0.3","0","0.3","0.6","0.4","0.286","0","0","0","0.4","0.3","0.6","0.1","0","0.1","0.1","0.3","0.5"
"215","Cody Zeller","C","30","MIA","21","0","8.3","1","1.7","0.571","0","0","0","1","1.7","0.571","0.571","0.3","0.7","0.4","0.5","1.8","2.3","0.3","0.1","0.2","0.6","1.3","2.2"
"216","Ivica Zubac","C","25","LAC","5","5","26","3.4","6","0.567","0","0","0","3.4","6","0.567","0.567","2.4","3.2","0.75","3.2","6.4","9.6","0.6","0.6","0.2","2.2","1.6","9.2"
"217","Precious Achiuwa","C","23","TOR","55","12","20.7","3.6","7.3","0.485","0.5","2","0.269","3","5.4","0.564","0.521","1.6","2.3","0.702","1.8","4.1","6","0.9","0.6","0.5","1.1","1.9","9.2"
"218","Steven Adams","C","29","MEM","42","42","27","3.7","6.3","0.597","0","0","0","3.7","6.2","0.599","0.597","1.1","3.1","0.364","5.1","6.5","11.5","2.3","0.9","1.1","1.9","2.3","8.6"
"219","Bam Adebayo","C","25","MIA","75","75","34.6","8","14.9","0.54","0","0.2","0.083","8","14.7","0.545","0.541","4.3","5.4","0.806","2.5","6.7","9.2","3.2","1.2","0.8","2.5","2.8","20.4"
"220","Ochai Agbaji","SG","22","UTA","59","22","20.5","2.8","6.5","0.427","1.4","3.9","0.355","1.4","2.7","0.532","0.532","0.9","1.2","0.812","0.7","1.3","2.1","1.1","0.3","0.3","0.7","1.7","7.9"
"221","Santi Aldama","PF","22","MEM","77","20","21.8","3.2","6.8","0.47","1.2","3.5","0.353","2","3.4","0.591","0.56","1.4","1.9","0.75","1.1","3.7","4.8","1.3","0.6","0.6","0.8","1.9","9"
"222","Nickeil Alexander-Walker","SG","24","TOT","59","3","15","2.2","5","0.444","1","2.7","0.384","1.2","2.3","0.515","0.547","0.7","1","0.667","0.3","1.5","1.7","1.8","0.5","0.4","0.9","1.5","6.2"
"223","Nickeil Alexander-Walker","SG","24","UTA","36","3","14.7","2.3","4.7","0.488","1","2.4","0.402","1.3","2.3","0.578","0.591","0.8","1.1","0.692","0.2","1.4","1.6","2.1","0.7","0.4","1.3","1.6","6.3"
"224","Nickeil Alexander-Walker","SG","24","MIN","23","0","15.5","2.1","5.4","0.384","1.1","3.1","0.361","1","2.3","0.415","0.488","0.6","0.9","0.619","0.3","1.5","1.8","1.4","0.3","0.3","0.4","1.3","5.9"
"225","Grayson Allen","SG","27","MIL","72","70","27.4","3.4","7.7","0.44","2","5.1","0.399","1.4","2.7","0.518","0.571","1.6","1.8","0.905","0.8","2.4","3.3","2.3","0.9","0.2","1","1.6","10.4"
"226","Jarrett Allen","C","24","CLE","68","68","32.6","5.9","9.2","0.644","0","0.1","0.1","5.9","9.1","0.653","0.645","2.4","3.3","0.733","3.3","6.5","9.8","1.7","0.8","1.2","1.4","2.3","14.3"
"227","Jose Alvarado","PG","24","NOP","61","10","21.5","3.3","8","0.411","1.4","4","0.336","1.9","4","0.488","0.496","1.1","1.3","0.813","0.5","1.9","2.3","3","1.1","0.2","1.3","2","9"
"228","Kyle Anderson","PF","29","MIN","69","46","28.4","3.7","7.2","0.509","0.6","1.5","0.41","3","5.7","0.536","0.553","1.4","2","0.735","1","4.4","5.3","4.9","1.1","0.9","1.5","2.1","9.4"
"229","Giannis Antetokounmpo","PF","28","MIL","63","63","32.1","11.2","20.3","0.553","0.7","2.7","0.275","10.5","17.6","0.596","0.572","7.9","12.3","0.645","2.2","9.6","11.8","5.7","0.8","0.8","3.9","3.1","31.1"
"230","Thanasis Antetokounmpo","SF","30","MIL","37","0","5.6","0.5","1.2","0.435","0","0.2","0","0.5","1","0.526","0.435","0.3","0.6","0.5","0.4","0.8","1.2","0.4","0.1","0.1","0.3","0.6","1.4"
"231","Cole Anthony","PG","22","ORL","60","4","25.9","4.6","10.2","0.454","1.3","3.4","0.364","3.4","6.7","0.5","0.516","2.5","2.8","0.894","0.8","4","4.8","3.9","0.6","0.5","1.5","2.6","13"
"232","OG Anunoby","SF","25","TOR","67","67","35.6","6.3","13.2","0.476","2.1","5.5","0.387","4.2","7.7","0.539","0.556","2.1","2.5","0.838","1.4","3.5","5","2","1.9","0.7","2","3","16.8"
"233","Ryan Arcidiacono","PG","28","TOT","20","4","8.6","0.5","1.9","0.243","0.4","1.2","0.348","0.1","0.7","0.071","0.351","0","0","0","0","0.8","0.8","1.2","0.3","0","0.4","0.9","1.3"
"234","Ryan Arcidiacono","PG","28","NYK","11","0","2.4","0.1","0.5","0.2","0.1","0.3","0.333","0","0.2","0","0.3","0","0","0","0","0.4","0.4","0.2","0.2","0","0.1","0.3","0.3"
"235","Ryan Arcidiacono","PG","28","POR","9","4","16.2","0.9","3.6","0.25","0.8","2.2","0.35","0.1","1.3","0.083","0.359","0","0","0","0","1.2","1.2","2.3","0.3","0","0.7","1.6","2.6"
"236","Deni Avdija","SF","22","WAS","76","40","26.6","3.3","7.6","0.437","0.9","3.1","0.297","2.4","4.6","0.53","0.497","1.6","2.2","0.739","1","5.4","6.4","2.8","0.9","0.4","1.6","2.8","9.2"
"237","Deandre Ayton","C","24","PHO","67","67","30.4","7.8","13.2","0.589","0.1","0.4","0.292","7.7","12.9","0.597","0.592","2.3","3","0.76","2.6","7.4","10","1.7","0.6","0.8","1.8","2.8","18"
"238","Udoka Azubuike","C","23","UTA","36","4","10","1.6","2","0.819","0","0","0","1.6","2","0.819","0.819","0.2","0.6","0.35","0.9","2.4","3.3","0.3","0.2","0.4","0.5","0.9","3.5"
"239","Marvin Bagley III","C","23","DET","42","25","23.6","4.8","9.1","0.529","0.5","1.6","0.288","4.4","7.5","0.579","0.554","1.9","2.6","0.75","2.2","4.2","6.4","0.9","0.5","0.7","1.1","1.9","12"
"240","Patrick Baldwin Jr.","SF","20","GSW","31","0","7.3","1.4","3.5","0.394","1","2.7","0.381","0.4","0.8","0.44","0.541","0.1","0.2","0.667","0","1.3","1.3","0.4","0.2","0.1","0.4","0.5","3.9"
"241","LaMelo Ball","PG","21","CHO","36","36","35.2","8.2","20","0.411","4","10.6","0.376","4.2","9.4","0.45","0.51","2.8","3.4","0.836","1.2","5.3","6.4","8.4","1.3","0.3","3.6","3.3","23.3"
"242","Mo Bamba","C","24","TOT","49","7","15.7","2.4","4.9","0.485","1","2.5","0.387","1.4","2.4","0.59","0.585","0.8","1.3","0.661","1.2","3.4","4.6","0.9","0.3","0.9","0.6","2.1","6.6"
"243","Mo Bamba","C","24","ORL","40","6","17","2.7","5.4","0.495","1.1","2.7","0.398","1.6","2.7","0.594","0.596","0.9","1.3","0.686","1.2","3.4","4.6","1.1","0.3","1","0.6","2.2","7.3"
"244","Mo Bamba","C","24","LAL","9","1","9.8","1.2","3","0.407","0.6","1.8","0.313","0.7","1.2","0.545","0.5","0.7","1.2","0.545","1.2","3.3","4.6","0.4","0.1","0.6","0.9","2.1","3.7"
"245","Paolo Banchero","PF","20","ORL","72","72","33.8","6.7","15.6","0.427","1.2","4","0.298","5.5","11.6","0.471","0.465","5.5","7.4","0.738","1.2","5.7","6.9","3.7","0.8","0.5","2.8","2.2","20"
"246","Desmond Bane","SG","24","MEM","58","58","31.7","7.8","16.2","0.479","2.9","7","0.408","4.9","9.2","0.534","0.568","3.1","3.5","0.883","0.7","4.3","5","4.4","1","0.4","2.2","2.6","21.5"
"247","Dalano Banton","PG","23","TOR","31","2","9","1.8","4.2","0.423","0.5","1.6","0.294","1.3","2.5","0.506","0.481","0.5","0.8","0.708","0.4","1.1","1.5","1.2","0.4","0.4","0.6","1.1","4.6"
"248","Dominick Barlow","SF","19","SAS","28","0","14.6","1.6","3.1","0.535","0","0.1","0","1.6","2.9","0.561","0.535","0.6","0.9","0.72","1.6","2","3.6","0.9","0.4","0.7","0.5","2","3.9"
"249","Harrison Barnes","PF","30","SAC","82","82","32.5","4.6","9.6","0.473","1.6","4.3","0.374","3","5.3","0.553","0.556","4.3","5","0.847","1.1","3.4","4.5","1.6","0.7","0.1","1","1.3","15"
"250","Scottie Barnes","PF","21","TOR","77","76","34.8","6","13.2","0.456","0.8","2.9","0.281","5.2","10.3","0.505","0.487","2.5","3.2","0.772","2.3","4.3","6.6","4.8","1.1","0.8","2","2.2","15.3"
"251","RJ Barrett","SG","22","NYK","73","73","33.9","7","16.1","0.434","1.7","5.3","0.31","5.3","10.8","0.495","0.485","4","5.4","0.74","0.8","4.2","5","2.8","0.4","0.2","2.2","2.5","19.6"
"252","Will Barton","SG","32","TOT","56","2","17.7","2.5","6.5","0.379","1.2","3.2","0.367","1.3","3.3","0.391","0.47","0.7","0.8","0.787","0.3","2.2","2.4","2","0.5","0.2","0.9","1","6.8"
"253","Will Barton","SG","32","WAS","40","0","19.6","2.8","7.1","0.386","1.3","3.5","0.377","1.5","3.7","0.395","0.477","0.9","1.1","0.778","0.3","2.5","2.8","2.4","0.4","0.3","1.1","1","7.7"
"254","Will Barton","SG","32","TOR","16","2","13.2","1.8","4.9","0.354","0.9","2.6","0.333","0.9","2.3","0.378","0.443","0.1","0.1","1","0.3","1.3","1.6","1.1","0.7","0.2","0.2","1.1","4.5"
"255","Charles Bassey","C","22","SAS","35","2","14.5","2.5","3.9","0.644","0.1","0.2","0.375","2.4","3.6","0.661","0.656","0.6","1.1","0.595","2.1","3.4","5.5","1.3","0.5","0.9","1.2","2.1","5.7"
"256","Keita Bates-Diop","SF","27","SAS","67","42","21.7","3.5","6.9","0.508","0.8","2.1","0.394","2.7","4.8","0.557","0.568","1.8","2.2","0.793","1","2.7","3.7","1.5","0.7","0.3","0.8","0.9","9.7"
"257","Nicolas Batum","PF","34","LAC","78","19","21.9","2.1","4.9","0.42","1.6","4.1","0.391","0.5","0.8","0.563","0.583","0.4","0.6","0.708","0.8","3","3.8","1.6","0.7","0.6","0.6","1.9","6.1"
"258","Darius Bazley","PF","22","TOT","43","1","14.3","1.9","4.3","0.454","0.5","1.2","0.377","1.5","3","0.485","0.508","0.9","1.6","0.543","0.8","2.4","3.2","0.9","0.5","0.8","0.6","1","5.2"
"259","Darius Bazley","PF","22","OKC","36","1","15.4","2","4.4","0.449","0.5","1.3","0.4","1.5","3.1","0.469","0.506","1","1.8","0.554","0.8","2.6","3.4","0.9","0.5","0.8","0.6","1","5.4"
"260","Darius Bazley","PF","22","PHO","7","0","8.7","1.7","3.6","0.48","0.3","1.1","0.25","1.4","2.4","0.588","0.52","0.3","0.7","0.4","0.7","1.6","2.3","0.9","0.4","0.7","0.7","1.3","4"
"261","Bradley Beal","SG","29","WAS","50","50","33.5","8.9","17.6","0.506","1.6","4.4","0.365","7.3","13.2","0.552","0.551","3.8","4.6","0.842","0.8","3.1","3.9","5.4","0.9","0.7","2.9","2.1","23.2"
"262","Malik Beasley","SG","26","TOT","81","27","25.8","4.6","11.6","0.395","2.9","8.1","0.357","1.7","3.4","0.484","0.52","0.6","0.8","0.769","0.4","3.1","3.5","1.5","0.8","0.1","1.1","1.3","12.7"
"263","Malik Beasley","SG","26","UTA","55","13","26.8","4.8","12.2","0.396","3.1","8.6","0.359","1.7","3.6","0.485","0.522","0.7","0.8","0.841","0.5","3.1","3.6","1.7","0.8","0.1","1.1","1.4","13.4"
"264","Malik Beasley","SG","26","LAL","26","14","23.9","4","10.3","0.392","2.5","7.2","0.353","1.5","3.1","0.481","0.515","0.5","0.8","0.619","0.3","3","3.3","1.2","0.8","0","1.2","1.2","11.1"
"265","MarJon Beauchamp","SF","22","MIL","52","11","13.5","1.8","4.7","0.395","0.9","2.7","0.331","0.9","1.9","0.485","0.492","0.5","0.7","0.73","0.7","1.5","2.2","0.7","0.4","0.1","0.9","1.4","5.1"
"266","D?vis Bert?ns","PF","30","DAL","45","1","10.9","1.5","3.6","0.431","1.2","3.1","0.39","0.3","0.4","0.737","0.603","0.3","0.3","0.867","0.2","1","1.2","0.5","0.2","0.2","0.2","1.2","4.6"
"267","Patrick Beverley","PG","34","TOT","67","67","27.1","2.1","5.4","0.4","1.2","3.6","0.335","1","1.8","0.529","0.511","0.7","1","0.723","0.7","3","3.7","2.9","0.9","0.6","0.9","2.8","6.2"
"268","Patrick Beverley","PG","34","LAL","45","45","26.9","2.2","5.4","0.402","1.2","3.5","0.348","0.9","1.8","0.506","0.517","0.9","1.1","0.78","0.5","2.6","3.1","2.6","0.9","0.6","0.9","2.8","6.4"
"269","Patrick Beverley","PG","34","CHI","22","22","27.5","2.1","5.4","0.395","1.1","3.7","0.309","1","1.7","0.579","0.5","0.4","0.7","0.533","0.9","4","4.9","3.5","1","0.7","0.8","2.9","5.8"
"270","Saddiq Bey","SF","23","TOT","77","37","27.6","4.6","10.9","0.422","2","5.4","0.361","2.6","5.4","0.483","0.513","2.7","3.1","0.861","1.3","3.4","4.7","1.5","0.9","0.2","0.9","1.6","13.8"
"271","Saddiq Bey","SF","23","DET","52","30","28.8","4.7","11.7","0.404","1.9","5.6","0.345","2.8","6","0.46","0.488","3.5","4","0.861","1.1","3.5","4.7","1.6","1","0.2","1","1.7","14.8"
"272","Saddiq Bey","SF","23","ATL","25","7","25.2","4.3","9.2","0.47","2","5","0.4","2.3","4.2","0.552","0.578","1","1.2","0.862","1.6","3.2","4.8","1.4","0.8","0","0.7","1.5","11.6"
"273","Khem Birch","C","30","TOR","20","0","8.1","1","1.6","0.594","0.1","0.1","0.5","0.9","1.5","0.6","0.609","0.2","0.3","0.8","0.4","0.9","1.3","0.4","0.3","0.3","0.4","1.2","2.2"
"274","Goga Bitadze","C","23","TOT","38","1","12","1.8","3.3","0.552","0.2","0.7","0.231","1.7","2.6","0.636","0.576","0.6","1.1","0.548","1.6","2","3.6","1","0.4","0.7","0.6","1.7","4.4"
"275","Goga Bitadze","C","23","IND","21","0","9.6","1.3","2.5","0.519","0.2","0.7","0.286","1.1","1.8","0.605","0.558","0.5","1.1","0.458","1.2","1.1","2.3","0.9","0.4","0.5","0.6","1.6","3.3"
"276","Goga Bitadze","C","23","ORL","17","1","15","2.5","4.3","0.575","0.1","0.7","0.167","2.4","3.6","0.656","0.589","0.7","1.1","0.667","2.1","3.1","5.2","1.2","0.4","0.9","0.6","1.8","5.8"
"277","Bismack Biyombo","C","30","PHO","61","14","14.3","2","3.4","0.578","0","0","0","2","3.4","0.578","0.578","0.4","1.1","0.357","1.5","2.8","4.3","0.9","0.3","1.4","0.8","1.9","4.3"
"278","Buddy Boeheim","PG","23","DET","10","0","9","0.5","2.7","0.185","0.4","2.5","0.16","0.1","0.2","0.5","0.259","0.2","0.2","1","0.2","0.4","0.6","0.4","0.2","0","0","0.6","1.6"
"279","Bogdan Bogdanovi?","SG","30","ATL","54","9","27.9","5.1","11.3","0.447","2.7","6.7","0.406","2.4","4.6","0.506","0.566","1.2","1.4","0.831","0.4","2.6","3.1","2.8","0.8","0.3","1.2","1.6","14"
"280","Bojan Bogdanovi?","PF","33","DET","59","59","32.1","7.3","14.9","0.488","2.5","6","0.411","4.8","9","0.539","0.57","4.5","5.1","0.884","0.6","3.2","3.8","2.6","0.6","0.1","2.3","1.9","21.6"
"281","Bol Bol","PF","23","ORL","70","33","21.5","3.7","6.8","0.546","0.4","1.6","0.265","3.3","5.2","0.633","0.577","1.2","1.5","0.759","1","4.8","5.8","1","0.4","1.2","1.6","1.3","9.1"
"282","Leandro Bolmaro","SG","22","UTA","14","0","4.9","0.2","1.4","0.15","0","0.3","0","0.2","1.1","0.188","0.15","0","0","0","0.3","0.2","0.5","0.5","0.2","0.1","0.5","0.7","0.4"
"283","Devin Booker","SG","26","PHO","53","53","34.6","9.9","20.1","0.494","2.1","6","0.351","7.8","14.2","0.554","0.546","5.8","6.8","0.855","0.9","3.7","4.5","5.5","1","0.3","2.7","3","27.8"
"284","Brandon Boston Jr.","SG","21","LAC","22","1","11.3","2.3","5.5","0.418","0.5","1.3","0.414","1.8","4.2","0.419","0.467","1.3","1.7","0.763","0.3","1","1.4","0.9","0.4","0","0.5","1","6.5"
"285","Chris Boucher","PF","30","TOR","76","0","20","3.4","7","0.493","0.8","2.5","0.328","2.6","4.5","0.585","0.552","1.7","2.2","0.762","2.1","3.5","5.5","0.4","0.6","0.8","0.5","1.9","9.4"
"286","James Bouknight","SG","22","CHO","34","0","15.1","2","5.7","0.358","1","3.2","0.303","1.1","2.5","0.429","0.443","0.6","0.9","0.667","0.2","1.9","2.1","1.2","0.4","0.1","0.9","1.4","5.6"
"287","Jamaree Bouyea","PG","23","TOT","5","0","14.2","1.2","2.8","0.429","0.4","1.2","0.333","0.8","1.6","0.5","0.5","0.2","0.4","0.5","0.2","1","1.2","0.8","0.8","0.4","0.8","1.2","3"
"288","Jamaree Bouyea","PG","23","MIA","4","0","16.3","1.5","3.3","0.462","0.5","1.3","0.4","1","2","0.5","0.538","0.3","0.5","0.5","0.3","1","1.3","1","1","0.5","1","1.3","3.8"
"289","Jamaree Bouyea","PG","23","WAS","1","0","6","0","1","0","0","1","0","0","0","0","0","0","0","0","0","1","1","0","0","0","0","1","0"
"290","Tony Bradley","C","25","CHI","12","0","2.8","0.5","1","0.5","0.3","0.4","0.6","0.3","0.6","0.429","0.625","0.3","0.3","1","0.1","0.8","0.9","0.1","0.1","0.1","0.1","0.2","1.6"
"291","Malaki Branham","SF","19","SAS","66","32","23.5","4.1","9.3","0.44","1.2","3.9","0.302","2.9","5.4","0.539","0.503","0.9","1.1","0.829","0.4","2.3","2.7","1.9","0.5","0.1","1.2","1.7","10.2"
"292","Jarrell Brantley","PF","26","UTA","4","0","9.8","2","3.5","0.571","1","2.3","0.444","1","1.3","0.8","0.714","0.5","0.5","1","0.3","1.3","1.5","0.8","0","0.5","0.5","0.8","5.5"
"293","Christian Braun","SG","21","DEN","76","6","15.5","1.9","3.8","0.495","0.4","1.3","0.354","1.4","2.5","0.565","0.554","0.5","0.8","0.625","0.6","1.8","2.4","0.8","0.5","0.2","0.5","1.3","4.7"
"294","Mikal Bridges","SF","26","TOT","83","83","35.7","7.1","15.3","0.468","2","5.3","0.382","5.1","9.9","0.514","0.535","3.8","4.3","0.895","1","3.4","4.4","3.3","1.1","0.7","1.5","1.9","20.1"
"295","Mikal Bridges","SF","26","PHO","56","56","36.4","6.3","13.6","0.463","1.8","4.7","0.387","4.5","9","0.503","0.529","2.8","3.1","0.897","1","3.3","4.3","3.6","1.2","0.8","1.4","2.1","17.2"
"296","Mikal Bridges","SF","26","BRK","27","27","34.2","8.9","18.6","0.475","2.5","6.7","0.376","6.3","11.9","0.531","0.543","5.9","6.6","0.894","0.9","3.6","4.5","2.7","1","0.6","1.8","1.6","26.1"
"297","Oshae Brissett","SF","24","IND","65","2","16.7","1.9","4.9","0.386","0.7","2.4","0.31","1.2","2.5","0.457","0.461","1.6","2.2","0.717","1","2.4","3.4","0.7","0.5","0.2","0.5","1.2","6.1"
"298","Malcolm Brogdon","PG","30","BOS","67","0","26","5.3","10.9","0.484","2","4.4","0.444","3.3","6.5","0.51","0.574","2.4","2.7","0.87","0.6","3.6","4.2","3.7","0.7","0.3","1.5","1.6","14.9"
"299","Dillon Brooks","SF","27","MEM","73","73","30.3","5.4","13.6","0.396","2","6","0.326","3.4","7.6","0.451","0.468","1.6","2.1","0.779","0.6","2.7","3.3","2.6","0.9","0.2","1.4","3.3","14.3"
"300","Bruce Brown","SG","26","DEN","80","31","28.5","4.5","9.3","0.483","1.1","3.2","0.358","3.3","6.1","0.548","0.545","1.5","1.9","0.758","0.8","3.3","4.1","3.4","1.1","0.6","1.5","2.4","11.5"
"301","Greg Brown III","PF","21","POR","16","0","5.8","0.7","1.8","0.393","0.1","0.4","0.143","0.6","1.3","0.476","0.411","0.3","0.8","0.417","0.1","1.1","1.2","0.2","0.3","0.3","0.4","0.8","1.8"
"302","Jaylen Brown","SF","26","BOS","67","67","35.9","10.1","20.6","0.491","2.4","7.3","0.335","7.7","13.4","0.576","0.55","3.9","5.1","0.765","1.2","5.7","6.9","3.5","1.1","0.4","2.9","2.6","26.6"
"303","Kendall Brown","SG","19","IND","6","0","6.7","0.7","1.2","0.571","0","0.2","0","0.7","1","0.667","0.571","0.2","0.3","0.5","0.3","0.7","1","0.5","0.7","0","0.3","1.5","1.5"
"304","Moses Brown","C","23","TOT","36","1","8.2","1.7","2.7","0.635","0","0","0","1.7","2.7","0.635","0.635","0.9","2","0.458","1.6","2.3","3.9","0.1","0.1","0.4","0.4","1.1","4.3"
"305","Moses Brown","C","23","LAC","34","1","8.5","1.8","2.8","0.635","0","0","0","1.8","2.8","0.635","0.635","1","2.1","0.458","1.7","2.4","4.1","0.1","0.1","0.4","0.4","1.1","4.6"
"306","Moses Brown","C","23","BRK","2","0","3","0","0","0","0","0","0","0","0","0","0","0","0","0","0","0","0","0","0.5","0","0.5","0.5","0"
"307","Sterling Brown","SG","27","LAL","4","0","6","0","1","0","0","0.5","0","0","0.5","0","0","0","0","0","0.8","1.3","2","0.5","0.8","0","0","1","0"
"308","Troy Brown Jr.","SF","23","LAL","76","45","24.5","2.6","6.1","0.43","1.4","3.7","0.381","1.2","2.4","0.505","0.545","0.4","0.5","0.872","0.8","3.2","4.1","1.3","0.8","0.2","0.6","1.6","7.1"
"309","Jalen Brunson","PG","26","NYK","68","68","35","8.6","17.6","0.491","2","4.7","0.416","6.7","12.8","0.519","0.547","4.8","5.8","0.829","0.6","3","3.5","6.2","0.9","0.2","2.1","2.2","24"
"310","Thomas Bryant","C","25","TOT","59","26","18.3","3.9","6.3","0.623","0.4","1","0.441","3.5","5.3","0.658","0.659","1.6","2.1","0.738","1.5","4.3","5.7","0.5","0.3","0.5","0.6","1.7","9.8"
"311","Thomas Bryant","C","25","LAL","41","25","21.4","4.8","7.3","0.654","0.5","1.2","0.44","4.3","6.1","0.697","0.691","2","2.6","0.741","1.6","5.2","6.8","0.7","0.3","0.6","0.7","1.9","12.1"
"312","Thomas Bryant","C","25","DEN","18","1","11.4","1.8","3.8","0.485","0.2","0.5","0.444","1.6","3.3","0.492","0.515","0.7","1","0.722","1.1","2.3","3.3","0.1","0.1","0.4","0.6","1.4","4.6"
"313","Reggie Bullock","SF","31","DAL","78","55","30.3","2.5","6","0.409","1.9","5.1","0.38","0.5","0.9","0.562","0.569","0.3","0.5","0.703","0.4","3.2","3.6","1.4","0.7","0.2","0.5","2.1","7.2"
"314","Alec Burks","SG","31","DET","51","8","22","3.9","9","0.436","1.9","4.7","0.414","2","4.3","0.459","0.544","3","3.7","0.814","0.4","2.7","3.1","2.2","0.7","0.2","1.1","1.9","12.8"
"315","Deonte Burton","SG","29","SAC","2","0","3","0","1","0","0","0.5","0","0","0.5","0","0","0","0","0","0","0","0","0","0","0","0","0","0"
"316","Jared Butler","SG","22","OKC","6","1","12.8","2.5","5.3","0.469","1.2","2.3","0.5","1.3","3","0.444","0.578","0","0","0","0.2","0.5","0.7","1.3","0.8","0","0.8","0.8","6.2"
"317","Jimmy Butler","SF","33","MIA","64","64","33.4","7.5","13.9","0.539","0.6","1.6","0.35","6.9","12.3","0.564","0.56","7.4","8.7","0.85","2.2","3.7","5.9","5.3","1.8","0.3","1.6","1.3","22.9"
"318","John Butler","C","20","POR","19","1","11.6","0.9","2.8","0.321","0.4","1.8","0.229","0.5","0.9","0.5","0.396","0.2","0.2","0.75","0.2","0.7","0.9","0.6","0.4","0.5","0.1","1.2","2.4"
"319","Jamal Cain","SF","23","MIA","18","0","13.3","2.1","3.7","0.561","0.4","1.1","0.35","1.7","2.6","0.652","0.614","0.9","1.2","0.773","0.8","2.1","2.9","0.7","0.6","0.1","0.3","1.2","5.4"
"320","Kentavious Caldwell-Pope","SG","29","DEN","76","76","31.3","3.8","8.3","0.462","1.8","4.2","0.423","2.1","4.1","0.502","0.569","1.4","1.6","0.824","0.5","2.3","2.7","2.4","1.5","0.5","1.1","1.9","10.8"
"321","Facundo Campazzo","PG","31","DAL","8","0","6.5","0.4","1.6","0.231","0.4","1.4","0.273","0","0.3","0","0.346","0.1","0.3","0.5","0","0.3","0.3","1.1","0.8","0","0.4","0.4","1.3"
"322","Vlatko ?an?ar","PF","25","DEN","60","9","14.8","1.8","3.8","0.476","0.7","1.9","0.374","1.1","1.9","0.58","0.57","0.6","0.7","0.927","0.4","1.7","2.1","1.3","0.4","0.2","0.6","1.4","5"
"323","Clint Capela","C","28","ATL","65","63","26.6","5.4","8.2","0.653","0","0","0","5.4","8.2","0.654","0.653","1.2","2","0.603","4","7.1","11","0.9","0.7","1.2","0.8","2.1","12"
"324","Vernon Carey Jr.","C","21","WAS","11","0","2.5","0.2","0.7","0.25","0","0","0","0.2","0.7","0.25","0.25","0.2","0.2","1","0.3","0.7","1","0.3","0.2","0.2","0.2","0.5","0.5"
"325","Jevon Carter","PG","27","MIL","81","39","22.3","3","7","0.423","1.8","4.2","0.421","1.2","2.8","0.425","0.549","0.4","0.5","0.816","0.4","2.1","2.5","2.4","0.8","0.4","1","2","8"
"326","Wendell Carter Jr.","C","23","ORL","57","54","29.6","5.6","10.8","0.525","1.4","3.9","0.356","4.2","6.8","0.624","0.591","2.5","3.4","0.738","2.1","6.6","8.7","2.3","0.5","0.6","1.9","2.8","15.2"
"327","Michael Carter-Williams","PG","31","ORL","4","0","11","1.5","3.5","0.429","0.3","0.8","0.333","1.3","2.8","0.455","0.464","1","1.8","0.571","0.3","1","1.3","1.8","0.3","0.3","1","1.3","4.3"
"328","Alex Caruso","PG","28","CHI","67","36","23.5","1.9","4.3","0.455","0.8","2.3","0.364","1.1","2","0.556","0.551","0.9","1.1","0.808","0.6","2.3","2.9","2.9","1.5","0.7","1.1","2.4","5.6"
"329","Julian Champagnie","SF","21","TOT","17","3","18.8","3.5","7.6","0.454","1.9","4.8","0.402","1.5","2.8","0.542","0.581","0.8","1","0.824","0.6","2.9","3.5","0.6","0.4","0.3","0.6","1.5","9.7"
"330","Julian Champagnie","SF","21","PHI","2","0","3.5","0","1","0","0","0.5","0","0","0.5","0","0","0","0","0","0","0","0","0","0.5","0","0","0","0"
"331","Julian Champagnie","SF","21","SAS","15","3","20.9","3.9","8.5","0.461","2.2","5.4","0.407","1.7","3.1","0.553","0.59","0.9","1.1","0.824","0.7","3.3","4","0.7","0.3","0.3","0.7","1.7","11"
"332","Justin Champagnie","SF","21","TOT","5","0","6.8","1","3","0.333","0.2","1","0.2","0.8","2","0.4","0.367","0","0","0","0.6","1","1.6","0.8","0.2","0","0","0.4","2.2"
"333","Justin Champagnie","SF","21","TOR","3","0","3.7","1","1","1","0","0","0","1","1","1","1","0","0","0","0.3","1","1.3","0.3","0","0","0","0.3","2"
"334","Justin Champagnie","SF","21","BOS","2","0","11.5","1","6","0.167","0.5","2.5","0.2","0.5","3.5","0.143","0.208","0","0","0","1","1","2","1.5","0.5","0","0","0.5","2.5"
"335","Kennedy Chandler","PG","20","MEM","36","0","7.8","1","2.3","0.422","0.1","0.4","0.133","0.9","1.9","0.485","0.434","0.2","0.4","0.462","0.3","0.8","1.1","1.6","0.3","0.1","0.5","0.4","2.2"
"336","Max Christie","SG","19","LAL","41","3","12.5","1.1","2.6","0.415","0.6","1.5","0.419","0.4","1.1","0.409","0.538","0.3","0.4","0.875","0.2","1.7","1.8","0.5","0.2","0.2","0.3","0.8","3.1"
"337","Josh Christopher","SG","21","HOU","64","2","12.3","2.4","5.1","0.465","0.3","1.4","0.236","2.1","3.8","0.55","0.497","0.7","0.9","0.75","0.3","0.8","1.1","1.1","0.5","0.2","0.9","0.9","5.8"
"338","Brandon Clarke","PF","26","MEM","56","8","19.5","4.1","6.2","0.656","0","0.1","0.167","4.1","6.1","0.665","0.658","1.8","2.4","0.723","1.6","3.9","5.5","1.3","0.6","0.7","1","2.3","10"
"339","Jordan Clarkson","SG","30","UTA","61","61","32.6","7.5","16.9","0.444","2.5","7.5","0.338","5","9.4","0.53","0.519","3.3","4","0.816","1.2","2.9","4","4.4","0.5","0.2","3","2","20.8"
"340","Nic Claxton","C","23","BRK","76","76","29.9","5.4","7.7","0.705","0","0","0","5.4","7.7","0.708","0.705","1.8","3.2","0.541","2.4","6.8","9.2","1.9","0.9","2.5","1.3","2.8","12.6"
"341","Amir Coffey","SG","25","LAC","50","9","12.5","1.1","2.9","0.386","0.2","0.8","0.275","0.9","2.1","0.429","0.424","1","1.3","0.778","0.3","0.7","1.1","1.1","0.1","0.1","0.4","1","3.4"
"342","John Collins","PF","25","ATL","71","71","30","5.1","10","0.508","1","3.4","0.292","4.1","6.6","0.619","0.557","2","2.5","0.803","1.1","5.4","6.5","1.2","0.6","1","1.1","3.1","13.1"
"343","Zach Collins","C","25","SAS","63","26","22.9","4.5","8.7","0.518","0.9","2.3","0.374","3.6","6.4","0.571","0.568","1.7","2.3","0.761","1.8","4.5","6.4","2.9","0.6","0.8","2","3.2","11.6"
"344","Chance Comanche","C","26","POR","1","0","21","3","5","0.6","0","0","0","3","5","0.6","0.6","1","4","0.25","2","1","3","0","0","1","0","0","7"
"345","Mike Conley","PG","35","TOT","67","66","30.3","3.9","9.1","0.428","2","5.2","0.385","1.9","3.9","0.486","0.539","2.1","2.5","0.834","0.5","2.2","2.7","6.7","1.1","0.2","1.5","2.1","11.9"
"346","Mike Conley","PG","35","UTA","43","42","29.7","3.6","8.7","0.408","1.8","5","0.362","1.8","3.8","0.469","0.511","1.8","2.2","0.813","0.4","2.1","2.5","7.7","1","0.2","1.7","2.2","10.7"
"347","Mike Conley","PG","35","MIN","24","24","31.4","4.5","9.8","0.46","2.4","5.8","0.42","2.1","4","0.515","0.583","2.6","3","0.863","0.7","2.5","3.1","5","1.2","0.2","1.2","1.9","14"
"348","Pat Connaughton","SG","30","MIL","61","33","23.7","2.7","6.9","0.392","1.8","5.3","0.339","0.9","1.6","0.566","0.521","0.4","0.7","0.659","0.8","3.8","4.6","1.3","0.6","0.2","0.5","1.1","7.6"
"349","Xavier Cooks","PF","27","WAS","10","1","12.6","1.7","2.8","0.607","0","0.1","0","1.7","2.7","0.63","0.607","0.4","1","0.4","1.6","2.2","3.8","0.6","0.6","0.4","0.8","1.3","3.8"
"350","Robert Covington","PF","32","LAC","48","0","16.2","2.1","4.8","0.445","1.1","2.8","0.397","1","1.9","0.516","0.563","0.6","0.8","0.75","0.6","2.8","3.5","1.2","0.8","0.7","0.7","1.8","6"
"351","Torrey Craig","SF","32","PHO","79","60","24.7","2.9","6.3","0.456","1.3","3.2","0.395","1.6","3.1","0.518","0.556","0.4","0.6","0.711","1.8","3.6","5.4","1.5","0.6","0.8","0.9","2.3","7.4"
"352","Jae Crowder","SF","32","MIL","18","3","18.9","2.5","5.2","0.479","1.3","3.1","0.436","1.2","2.2","0.538","0.606","0.6","0.7","0.833","0.9","2.9","3.8","1.5","0.7","0.3","0.4","1.5","6.9"
"353","Jarrett Culver","SG","23","ATL","10","1","13.7","1.7","4.3","0.395","0.1","1.2","0.083","1.6","3.1","0.516","0.407","0.9","1.3","0.692","1","2.8","3.8","0.6","0.6","0.2","0.7","1.4","4.4"
"354","Cade Cunningham","PG","21","DET","12","12","33.3","7.8","18.7","0.415","1.4","5.1","0.279","6.3","13.6","0.466","0.453","3","3.6","0.837","1","5.2","6.2","6","0.8","0.6","3.3","2.8","19.9"
"355","Seth Curry","SG","32","BRK","61","7","19.9","3.4","7.4","0.463","1.5","3.8","0.405","1.9","3.6","0.525","0.568","0.8","0.9","0.927","0.2","1.4","1.6","1.6","0.6","0.1","0.8","1.6","9.2"
"356","Stephen Curry","PG","34","GSW","56","56","34.7","10","20.2","0.493","4.9","11.4","0.427","5.1","8.8","0.579","0.614","4.6","5","0.915","0.7","5.4","6.1","6.3","0.9","0.4","3.2","2.1","29.4"
"357","Dyson Daniels","PG","19","NOP","59","11","17.7","1.5","3.5","0.418","0.5","1.5","0.314","1","2.1","0.492","0.483","0.4","0.7","0.65","0.6","2.6","3.2","2.3","0.7","0.2","1","1.7","3.8"
"358","Anthony Davis","C","29","LAL","56","54","34","9.7","17.2","0.563","0.3","1.3","0.257","9.3","15.9","0.589","0.573","6.2","7.9","0.784","3.5","9.1","12.5","2.6","1.1","2","2.2","2.6","25.9"
"359","Johnny Davis","SG","20","WAS","28","5","15.1","2.4","6.1","0.386","0.6","2.5","0.243","1.8","3.6","0.485","0.436","0.5","1","0.519","0.4","2","2.3","1","0.4","0.3","0.6","1.7","5.8"
"360","Terence Davis","SG","25","SAC","64","5","13.1","2.4","5.7","0.423","1.4","3.8","0.366","1","1.9","0.537","0.545","0.5","0.7","0.791","0.3","1.9","2.2","1","0.7","0.2","0.8","1.6","6.7"
"361","JD Davison","PG","20","BOS","12","0","5.5","0.7","1.6","0.421","0.2","0.6","0.286","0.5","1","0.5","0.474","0.1","0.2","0.5","0.2","0.6","0.8","0.9","0.2","0.2","0.3","0.4","1.6"
"362","Darius Days","PF","23","HOU","4","0","6.3","1.3","3","0.417","0.8","2.5","0.3","0.5","0.5","1","0.542","0.5","0.5","1","0.3","1.3","1.5","0.3","0","0.3","0","0.5","3.8"
"363","Dewayne Dedmon","C","33","TOT","38","1","11.2","2","4","0.51","0.3","1","0.308","1.7","2.9","0.58","0.55","0.9","1.3","0.673","0.9","2.6","3.5","0.7","0.2","0.5","0.7","2","5.2"
"364","Dewayne Dedmon","C","33","MIA","30","0","11.7","2.1","4.3","0.496","0.4","1.2","0.297","1.8","3.1","0.576","0.539","1.1","1.5","0.727","0.9","2.7","3.6","0.5","0.2","0.5","0.6","2","5.7"
"365","Dewayne Dedmon","C","33","PHI","8","1","9.5","1.6","2.8","0.591","0.1","0.3","0.5","1.5","2.5","0.6","0.614","0.1","0.6","0.2","0.8","2.4","3.1","1.3","0.3","0.6","0.8","1.8","3.5"
"366","Matthew Dellavedova","PG","32","SAC","32","0","6.7","0.5","1.6","0.34","0.3","0.8","0.333","0.3","0.7","0.348","0.43","0.1","0.2","0.571","0","0.4","0.4","1.3","0.2","0","0.3","0.6","1.5"
"367","DeMar DeRozan","SF","33","CHI","74","74","36.2","8.9","17.6","0.504","0.6","1.9","0.324","8.3","15.7","0.526","0.522","6.2","7.1","0.872","0.5","4.2","4.6","5.1","1.1","0.5","2.1","2.5","24.5"
